Brand;Model;Size
AirBook;Airbook Pro 6;6
AirBook;Airbook Pro 8;7.8
AirBook;Airbook Pro 8S;7.8
AirBook;AirBook City Base;6
AirBook;AirBook City LED;6
AirBook;AirBook City Light HD;6
AirBook;AirBook City Light Touch;6
AirBook;AirBook Wi-Fi City;6
AirBook;AirBook Black Pearl;6
Amazon;Amazon Kindle 2019;None
Amazon;Amazon Kindle Kids Edition;None
Amazon;Amazon Kindle Oasis 2019;None
Amazon;Amazon Kindle Paperwhite 2018;None
Amazon;Amazon Kindle Oasis 2017;None
Amazon;Amazon Kindle 2016;6
Amazon;Amazon Kindle Oasis;None
Amazon;Amazon Kindle Paperwhite 2016;6
Amazon;Amazon Kindle Paperwhite Manga;6
Amazon;Amazon Kindle X MiGu;6
Amazon;Amazon Kindle Paperwhite 2015;None
Amazon;Amazon Kindle 2014;None
Amazon;Amazon Kindle Voyage;None
Amazon;Amazon Kindle Paperwhite 2013;6
Amazon;Amazon Kindle Paperwhite 3G 2013;6
Amazon;Amazon Kindle 2012;None
Amazon;Amazon Kindle Paperwhite;None
Amazon;Amazon Kindle Paperwhite 3G;None
Amazon;Amazon Kindle 4 Wi-Fi;None
Amazon;Amazon Kindle Touch Wi-Fi;None
Amazon;Amazon Kindle Touch Wi-Fi+3G;None
Amazon;Amazon Kindle 3 Keyboard Wi-Fi;None
Amazon;Amazon Kindle 3 Keyboard Wi-Fi+3G;None
Amazon;Amazon Kindle DX International Graphite;9.7
Amazon;Amazon Kindle DX International White;9.7
Amazon;Amazon Kindle 2 CDMA;6
Amazon;Amazon Kindle 2 International;6
Amazon;Amazon Kindle DX CDMA;None
Amazon;Amazon Kindle 1 CDMA;6
Barnes&Noble;Barnes&Noble Nook GlowLight Plus 7.8;"06.06.19 Nook Glowlight Plus Unboxing
 12.06.19 Nook Glowlight Plus 7.8"" vs Kobo Forma Comparison
 17.06.19 Nook Glowlight Plus 2019 Review
 20.06.19 Nook Glowlight Plus 7.8 vs Amazon Kindle Oasis 2"
Barnes&Noble;Barnes&Noble Nook GlowLight 3;6
Barnes&Noble;Barnes&Noble Nook GlowLight Plus;None
Barnes&Noble;Barnes&Noble Nook GlowLight;6
Barnes&Noble;Barnes&Noble Nook Simple Touch with GlowLight;None
Barnes&Noble;Barnes&Noble Nook Simple Touch;6
Barnes&Noble;Barnes&Noble Nook Color;7
Barnes&Noble;Barnes&Noble Nook Wi-Fi;6
Barnes&Noble;Barnes&Noble Nook 3G+Wi-Fi;6
Bookeen;Bookeen Diva;6
Bookeen;Bookeen Diva HD;None
Bookeen;Bookeen Nolim;6
Bookeen;Bookeen Saga;6
Bookeen;Bookeen Cybook Muse;6
Bookeen;Bookeen Cybook Muse HD;6
Bookeen;Bookeen Cybook Muse Light;6
Bookeen;Bookeen Cybook Muse Essential;6
Bookeen;Bookeen Cybook Muse Frontlight;6
Bookeen;Bookeen Cybook Odyssey Essential;6
Bookeen;Bookeen Cybook Odyssey FrontLight2;6
Bookeen;Bookeen Cybook Ocean;None
Bookeen;Bookeen Cybook Odyssey 2013 Edition;6
Bookeen;Bookeen Cybook Odyssey FrontLight;6
Bookeen;Bookeen Cybook Odyssey HD FrontLight;None
Bookeen;Bookeen Cybook Odyssey;6
Bookeen;Bookeen Cybook Orizon;6
Bookeen;Bookeen Cybook Opus;5
Bookeen;Bookeen Cybook Gen3;6
BQ (Европа);BQ Cervantes 4;6
BQ (Европа);BQ Cervantes 3;6
DEXP;DEXP L3 Moon;6
DEXP;DEXP S3 Symbol;6
DEXP;DEXP P2 Mirage;6
DEXP;DEXP FL2 Jupiter;6
DEXP;DEXP L2 Moon;6
DEXP;DEXP P1 Mirage;6
DEXP;DEXP T2 Composition;6
DEXP;DEXP L1 Moon;6
DEXP;DEXP S1 Symbol;6
Digma;Digma e63W;6
Digma;Digma e656;6
Digma;Digma e68B;6
Digma;Digma r63W;6
Digma;Digma r656;6
Digma;Digma r68B;None
Digma;Digma X600;6
Digma;Digma e60C;6
Digma;Digma e635;6
Digma;Digma e654;6
Digma;Digma r634;6
Digma;Digma r654;6
Digma;Digma e61M;6
Digma;Digma e62B;6
Digma;Digma e634;6
Digma;Digma e63S;6
Digma;Digma e652;6
Digma;Digma r61M;6
Digma;Digma r62B;6
Digma;Digma r63S;6
Digma;Digma r652;6
Digma;Digma s677;6
Digma;Digma e630;6
Digma;Digma e631;6
Digma;Digma e632;6
Digma;Digma e633;6
Digma;Digma e64M;6
Digma;Digma e65G;6
Digma;Digma e6DG;6
Digma;Digma r651G;6
Digma;Digma r660;6
Digma;Digma r663;6
Digma;Digma r67M;6
Digma;Digma s683G;6
Digma;Digma E627;6
Digma;Digma E628;6
Digma;Digma E629;6
Digma;Digma R657;6
Digma;Digma R658;6
Digma;Digma R659;6
Digma;Digma S676;6
Digma;Digma T646;6
Digma;Digma E624;6
Digma;Digma E625;6
Digma;Digma E626;None
Digma;Digma R655;6
Digma;Digma R656 2014;6
Digma;Digma S665;6
Digma;Digma S675;6
Digma;Digma T635;6
Digma;Digma T645;6
Digma;Digma R60G;6
Digma;Digma d700;7
Digma;Digma d701;7
Digma;Digma e5;5
Digma;Digma e6;6
Digma;Digma e605;6
Digma;Digma s605;6
Digma;Digma s605f;6
Digma;Digma s605t;6
Digma;Digma a700;7
Digma;Digma c700;7
Digma;Digma c701;7
Digma;Digma cs700;7
Digma;Digma e501;5
Digma;Digma e601;6
Digma;Digma e601hd;6
Digma;Digma q1000;9.7
Digma;Digma s602;None
Digma;Digma s602w;None
Digma;Digma t700;7
Digma;Digma e500;None
Digma;Digma e600;None
Digma;Digma q600;6
Gmini;Gmini MagicBook H6HD;6
Gmini;Gmini MagicBook A62LHD;6
Gmini;Gmini MagicBook A6LHD+;6
Gmini;Gmini MagicBook W6HD;6
Gmini;Gmini MagicBook W6LHD;6
Gmini;Gmini MagicBook S62HD;6
Gmini;Gmini MagicBook S62LHD;6
Gmini;Gmini MagicBook S6HD;6
Gmini;Gmini MagicBook S6LHD;6
Gmini;Gmini MagicBook Q6LHD;6
Gmini;Gmini MagicBook A6LHD;6
Gmini;Gmini MagicBook T6LHD Lite;None
Gmini;Gmini MagicBook Z6HD;None
Gmini;Gmini MagicBook C6HD Touch;6
Gmini;Gmini MagicBook C6LHD;6
Gmini;Gmini MagicBook R6L;6
Gmini;Gmini MagicBook T6LHD;6
Gmini;Gmini MagicBook C6HD;6
Gmini;Gmini MagicBook M61SHD;6
Gmini;Gmini MagicBook M6FHD;6
Gmini;Gmini MagicBook R6HD;6
Gmini;Gmini MagicBook S701;7
Gmini;Gmini MagicBook S702;7
Gmini;Gmini MagicBook T70;7
Gmini;Gmini MagicBook T7A;7
Gmini;Gmini MagicBook V6HD;6
Gmini;Gmini MagicBook Z6;6
Gmini;Gmini MagicBook M61;6
Gmini;Gmini MagicBook M61HD;6
Gmini;Gmini MagicBook M61P;6
Gmini;Gmini MagicBook M6HD;6
Gmini;Gmini MagicBook M6P;6
Gmini;Gmini MagicBook P60;6
Gmini;Gmini MagicBook S65T;6
Gmini;Gmini MagicBook M5;5
Gmini;Gmini MagicBook M6;6
Kobo;Kobo Nia;None
Kobo;Kobo Libra H2O;None
Kobo;Kobo Clara HD;None
Kobo;Kobo Forma;None
Kobo;Kobo Aura H2O Edition 2;None
Kobo;Kobo Aura ONE Limited Edition;None
Kobo;Kobo Aura Edition 2;6
Kobo;Kobo Aura One;None
Kobo;Kobo Glo HD;None
Kobo;Kobo Touch 2.0;6
Kobo;Kobo Aura H2O;6.8
Kobo;Kobo Aura;6
Kobo;Kobo Aura HD;None
Kobo;Kobo Glo;None
Kobo;Kobo Mini;5
Kobo;Kobo eReader Touch Edition;6
Kobo;Kobo eReader;None
Onyx;Onyx Boox Caesar 4;None
Onyx;Onyx Boox Darwin 7;None
Onyx;Onyx Boox Faust 2;6
Onyx;Onyx Boox Kon-Tiki;None
Onyx;Onyx Boox Max Lumi;None
Onyx;Onyx Boox Monte Cristo 5;None
Onyx;Onyx Boox Note 3;None
Onyx;Onyx Boox Note Air;None
Onyx;Onyx Boox Nova 2;None
Onyx;Onyx Boox Nova 3;None
Onyx;Onyx Boox Poke 2;None
Onyx;Onyx Boox Poke 3;None
Onyx;Onyx Boox Poke2 Color;None
Onyx;Onyx Boox Viking;6
Onyx;Onyx Boox Volta;None
Onyx;Onyx Boox Volta 2;6
Onyx;Onyx Boox Faust;6
Onyx;Onyx Boox Livingstone;None
Onyx;Onyx Boox Max3;None
Onyx;Onyx Boox Note 2;None
Onyx;Onyx Boox Note Pro;None
Onyx;Onyx Boox Nova Pro;None
Onyx;Onyx Boox PadMu 2;13.3
Onyx;Onyx Boox PadMu 3;"21.05.20 PadMu Dual Screen 13.3"" Music e-Reader Unboxing"
Onyx;Onyx Boox PadMu 3 Mini;10.3
Onyx;Onyx Boox Caesar 3;6
Onyx;Onyx Boox Darwin 5;None
Onyx;Onyx Boox Darwin 6;None
Onyx;Onyx Boox Euclid;9.7
Onyx;Onyx Boox Gulliver;10.3
Onyx;Onyx Boox James Cook 2;6
Onyx;Onyx Boox Max Pro (Max2 Pro);None
Onyx;Onyx Boox Max2;None
Onyx;Onyx Boox Monte Cristo 4;6
Onyx;Onyx Boox Note;10.3
Onyx;Onyx Boox Note Lite;None
Onyx;Onyx Boox Note S;9.7
Onyx;Onyx Boox Note+;None
Onyx;Onyx Boox Nova;None
Onyx;Onyx Boox Nova Plus;7.8
Onyx;Onyx Boox PadMu;13.3
Onyx;Onyx Boox Poke;None
Onyx;Onyx Boox Poke Pro;None
Onyx;Onyx Boox Vasco da Gama 3;6
Onyx;Onyx Boox Моя первая книга;6
Onyx;Onyx Boox Caesar 2;6
Onyx;Onyx Boox Chronos;9.7
Onyx;Onyx Boox Cleopatra 3;6.8
Onyx;Onyx Boox Darwin 3;None
Onyx;Onyx Boox Darwin 4;6
Onyx;Onyx Boox James Cook;6
Onyx;Onyx Boox Max Carta;None
Onyx;Onyx Boox Monte Cristo 2;6
Onyx;Onyx Boox Monte Cristo 3;None
Onyx;Onyx Boox Robinson Crusoe 2;None
Onyx;Onyx Boox Vasco da Gama 2;6
Onyx;Onyx Boox Amundsen;6
Onyx;Onyx Boox Bering 3;6
Onyx;Onyx Boox Caesar;6
Onyx;Onyx Boox Columbus 2;6
Onyx;Onyx Boox Max;13.3
Onyx;Onyx Boox Monte Cristo;6
Onyx;Onyx Boox Prometheus;9.7
Onyx;Onyx Boox Prometheus 2;9.7
Onyx;Onyx Boox Robinson Crusoe;6
Onyx;Onyx Boox Vasco da Gama;6
Onyx;Onyx Boox C67ML Darwin;6
Onyx;Onyx Boox C67ML Magellan 3;6
Onyx;Onyx Boox Cleopatra 2;6.8
Onyx;Onyx Boox Darwin 2;6
Onyx;Onyx Boox i86ML Moby Dick;8
Onyx;Onyx Boox Миклухо-Маклай;6
Onyx;Onyx Донцова Book;6
Onyx;Onyx Boox C63SM Bering;6
Onyx;Onyx Boox C67ML Magellan 2;6
Onyx;Onyx Boox C67SM Bering 2;6
Onyx;Onyx Boox C67SML Columbus;None
Onyx;Onyx Boox M96M Zeus;None
Onyx;Onyx Boox T76ML Cleopatra;None
Onyx;Onyx Boox T76SML Nefertiti;None
Onyx;Onyx Boox i63ML Newton;None
Onyx;Onyx C63ML Akunin Book;6
Onyx;Onyx Lukyanenko Book;None
Onyx;Onyx Boox C63M (Ermak, Marco Polo);6
Onyx;Onyx Boox C63ML Magellan;6
Onyx;Onyx Boox i63ML Maxwell;None
Onyx;Onyx Boox i63SL Kepler;6
Onyx;Onyx Boox i63SML Kopernik;6
Onyx;Onyx Boox M92M Perseus;None
Onyx;Onyx Boox M92SM Titan;None
Onyx;Onyx Boox i62M (Albatros, Dream, Victoria);None
Onyx;Onyx Boox i62M HD (Pilgrim, Duncan, Captain Nemo, Albatros HD);None
Onyx;Onyx Boox i62ML Aurora;None
Onyx;Onyx Boox A60 Pearl;6
Onyx;Onyx Boox A61S;6
Onyx;Onyx Boox A61S Bianca;6
Onyx;Onyx Boox A61S Hamlet;None
Onyx;Onyx Boox A61S Juliet;6
Onyx;Onyx Boox A61S Romeo;6
Onyx;Onyx Boox A62 Эркюль Пуаро;6
Onyx;Onyx Boox A62S;None
Onyx;Onyx Boox M90;9.7
Onyx;Onyx Boox M91S Odysseus;9.7
Onyx;Onyx Boox M92 Hercules;9.7
Onyx;Onyx Boox M92S Atlant;9.7
Onyx;Onyx Boox i62 Nautilus;None
Onyx;Onyx Boox 60;None
Onyx;Onyx Boox 60S;None
Onyx;Onyx Boox A60;6
Onyx;Onyx Boox A60S;6
PocketBook;PocketBook 606 (Basic 4);None
PocketBook;PocketBook 628 (Touch Lux 5);None
PocketBook;PocketBook 632 Plus;6
PocketBook;PocketBook 633 Color;None
PocketBook;PocketBook 627 LE (Touch Lux 4 LE);None
PocketBook;PocketBook 632 Aqua;None
PocketBook;PocketBook 740 Pro (Inkpad 3 Pro);None
PocketBook;PocketBook X (InkPad X);None
PocketBook;PocketBook 616;None
PocketBook;PocketBook 625 LE;6
PocketBook;PocketBook 627 (Touch Lux 4);None
PocketBook;PocketBook 632 (Touch HD 3);None
PocketBook;PocketBook 740 (InkPad 3);None
PocketBook;PocketBook 614 Plus;6
PocketBook;PocketBook 615 Plus;6
PocketBook;PocketBook 631 Plus Touch HD 2;None
PocketBook;PocketBook Aqua 2 641;6
PocketBook;PocketBook Basic LUX;6
PocketBook;PocketBook 615 Basic 3;6
PocketBook;PocketBook 625 Basic Touch 2;6
PocketBook;PocketBook 631 Touch HD;6
PocketBook;PocketBook 840 InkPad 2;8
PocketBook;PocketBook 626 Plus (PocketBook Touch Lux 3);6
PocketBook;PocketBook Reader Book 1;6
PocketBook;PocketBook Reader Book 2;6
PocketBook;PocketBook 626;6
PocketBook;PocketBook 630;None
PocketBook;PocketBook 650;None
PocketBook;PocketBook 840;None
PocketBook;PocketBook Aqua 640;None
PocketBook;PocketBook CAD Reader 2014;13.3
PocketBook;PocketBook 515;5
PocketBook;PocketBook 614;6
PocketBook;PocketBook 624;6
PocketBook;PocketBook Basic Touch;6
PocketBook;PocketBook CAD Reader;None
PocketBook;PocketBook Color Lux 801;None
PocketBook;PocketBook Touch 2 (623);None
PocketBook;PocketBook Basic New 613;6
PocketBook;PocketBook Touch 622;None
PocketBook;PocketBook 360 Plus;None
PocketBook;PocketBook Basic 611;None
PocketBook;PocketBook Pro 612;None
PocketBook;PocketBook Pro 912 Education;None
PocketBook;PocketBook IQ 701;None
PocketBook;PocketBook Pro 602;None
PocketBook;PocketBook Pro 603;6
PocketBook;PocketBook Pro 902;None
PocketBook;PocketBook Pro 903;9.7
PocketBook;PocketBook 302 Cookie;None
PocketBook;PocketBook 360;None
PocketBook;PocketBook 301 plus;None
reMarkable;reMarkable 2;None
Ritmix;Ritmix RBK-617;6
Ritmix;Ritmix RBK-677FL;6
Ritmix;Ritmix RBK-616;6
Ritmix;Ritmix RBK-676FL;6
Ritmix;Ritmix RBK-615;6
Ritmix;Ritmix RBK-675FL;6
Ritmix;Ritmix RBK-670FL;None
Ritmix;Ritmix RBK-690FL;6
Ritmix;Ritmix RBK-695FL;None
Ritmix;Ritmix RBK-200;4.3
Ritmix;Ritmix RBK-422;7
Ritmix;Ritmix RBK-423;7
Ritmix;Ritmix RBK-436;7
Ritmix;Ritmix RBK-460;9
Ritmix;Ritmix RBK-497;8
Ritmix;Ritmix RBK-499;8
Ritmix;Ritmix RBK-620;6
Ritmix;Ritmix RBK-650;6
Ritmix;Ritmix RBK-680FL;6
Ritmix;Ritmix RBK-330;5
Ritmix;Ritmix RBK-421;7
Ritmix;Ritmix RBK-431;7
Ritmix;Ritmix RBK-433;7
Ritmix;Ritmix RBK-439;7
Ritmix;Ritmix RBK-475;8
Ritmix;Ritmix RBK-493;7
Ritmix;Ritmix RBK-495;7
Ritmix;Ritmix RBK-496;7
Ritmix;Ritmix RBK-600;6
Ritmix;Ritmix RBK-610;6
Ritmix;Ritmix RBK-750;6
Ritmix;Ritmix RBK-420;7
Ritmix;Ritmix RBK-425;7
Ritmix;Ritmix RBK-429;7
Ritmix;Ritmix RBK-430;7
Ritmix;Ritmix RBK-435;7
Ritmix;Ritmix RBK-470;None
Ritmix;Ritmix RBK-490;7
Ritmix;Ritmix RBK-700 HD;6
Ritmix;Ritmix RBK-400;7
Ritmix;Ritmix RBK-450;7
Ritmix;Ritmix RBK-500;6
Ritmix;Ritmix RBK-501;6
Ritmix;Ritmix RBK-520;6
Ritmix;Ritmix RBK-700;6
Ritmix;Ritmix RBK-900;6
Sony;Sony DPT-CP1;None
Sony;Sony DPT-RP1;None
Sony;Sony DPT-S1;13.3
Sony;Sony Reader PRS-T3;6
Sony;Sony Reader PRS-T2;6
Sony;Sony Reader Wi-Fi PRS-T1;None
Sony;Sony Reader PRS-350 Pocket Edition;5
Sony;Sony Reader PRS-650 Touch Edition;6
Sony;Sony Reader PRS-950 Daily Edition;7
Sony;Sony Reader PRS-300 Pocket Edition;5
Sony;Sony Reader PRS-600 Touch Edition;6
Sony;Sony Reader PRS-900 Daily Edition;7.1
Sony;Sony Reader PRS-505;None
Sony;Sony Reader PRS-700;6
Sony;Sony Reader PRS-500;6
Sony;Sony LIBRIe EBR-1000EP;6
Xiaomi;Xiaomi Mi Reader Pro;7.8
Xiaomi;Xiaomi Moaan InkPad X;10
Xiaomi;Xiaomi Mi Reader;None
Xiaomi;Xiaomi Moaan W7;None
Xiaomi;Xiaomi iReader Ocean;6.8
Xiaomi;Xiaomi iReader T6;6
Archos;Archos 70d eReader;7
Archos;Archos Arnova GBook;7
Archos;Archos 70 eReader;7
Archos;Archos 70b eReader;7
Assistant;Assistant AE-601;6
Assistant;Assistant MediaReader AE-702;7
Assistant;Assistant MediaReader АЕ-501;5
Asus;ASUS Eee Note EA800;8
Asus;ASUS Eee Reader DR-900 WiFi;9
BeBook;BeBook Pure;6
Bliss;Bliss Book E6.1;6
Bliss;Bliss Book E6.2;6
BQ (Россия);BQ-R002 Poem;6
BQ (Россия);BQ-R001 Novella;6
Citizen;Citizen E610;6
Citizen;Citizen E620;6
Citizen;Citizen I705;7
Citizen;Citizen T760;7
Citizen;Citizen E600;6
Citizen;Citizen I700;None
Citizen;Citizen T750;None
Clever Book;Clever Book CB-602;6
Diframe;Diframe MB-501;5
Diframe;Diframe MB-701;7
Dig-ebook;Dig-ebook GW01;6
Direc;Direc EB701;7
Direc;Direc EB702;7
Direc;Direc EB703;7
DNS;DNS Airbook EB602;6
DNS;DNS Airbook EB603;6
DNS;DNS Airbook EGH601;6
DNS;DNS Airbook EGH602;6
DNS;DNS Airbook EYT602;6
DNS;DNS Airbook TGH701;7
DNS;DNS Airbook TTJ801;8
DNS;DNS Airbook TVD801;8
DNS;DNS Airbook TYT701;7
DNS;DNS Airbook EB601;6
Ectaco;Ectaco JetBook Color 2;9.7
Ectaco;Ectaco jetBook Color;9.68
Ectaco;Ectaco jetBook mini;None
Ectaco;Ectaco jetBook lite;5
Ectaco;Ectaco jetBook;None
effire;effire CityBook L602;6
effire;effire ColorBook TR705A;"апрель
Экран:7"
effire;effire CityBook L601;None
effire;effire ColorBook TR701A;7
effire;effire ColorBook TR702A;7
effire;effire ColorBook TR703;7
effire;effire ColorBook TR703A;7
effire;effire ColorBook TR704;7
effire;effire ColorBook TR73A;7
effire;effire ColorBook TR73S;7
effire;effire ColorBook TR802;8
effire;effire CityBook L600;6
effire;effire CityBook T3G;6
effire;effire ColorBook TR401;4.3
effire;effire ColorBook TR701;7
effire;effire ColorBook TR702;7
effire;effire ColorBook TR801;8
Espada;Espada E-71V;7
Explay;Explay TXT.Book.B66;6
Explay;Explay TXT.Book.B60;6
Explay;Explay TXT.Book.B70;7
Explay;Explay TXT.Book.B74;7
Explay;Explay TXT.Book.B90;9
Explay;Explay HD.BookII;7
Explay;Explay TXT.Book.B67;None
Explay;Explay TXT.Book.B75;7
Explay;Explay TXT.Book.B77;7
Explay;Explay HD.Book;None
Explay;Explay TXT.Book.B62;None
Explay;Explay TXT.Book.B63;None
Explay;Explay TXT.Book.B64;None
Explay;Explay TXT.Book.B65;None
FR Book;FR Book E251;None
FR Book;FR Book E161;None
GlobusBook;GlobusBook 1001;6
GlobusBook;GlobusBook 750;None
GlobusBook;GlobusBook 950 Connect;6
Highscreen;Highscreen 605;6
Highscreen;Highscreen Alex;None
Icarus;Icarus Illumina PRO 9.7;9.7
iconBIT;iconBIT HDB700SLIM;7
iconBIT;iconBIT HDB57LED;5
iconBIT;iconBIT HDB700LED;None
iconBIT;iconBIT HDB700TOUCH;7
iconBIT;iconBIT HDB77LED;7
Impression;Impression ImBOOK 0411;6
Impression;Impression ImBOOK 0211;6
Impression;Impression ImBOOK 0311;6
Inch;Inch C6i;6
Inch;Inch M7b;7
Inch;Inch M7q;7
Inch;Inch S5i;5
Inch;Inch Reader A5i;5
Inch;Inch Reader A6i Pearl;6
Inch;Inch Reader A6s;6
Inch;Inch Reader M7t;7
Inch;Inch Reader S6t;None
Inch;Inch Reader A6i;None
iriver;iRiver Story HD;6
iriver;iRiver Cover Story;6
iriver;iRiver Story;6
iRos;iRos 5;5
Kromax;Kromax Intelligent Book KR-505;5
Kromax;Kromax Intelligent Book KR-430;4.3
Kromax;Kromax Intelligent Book KR-501;5
Kromax;Kromax Intelligent Book KR-525;5
Kromax;Kromax Intelligent Book KR-620;6
Kromax;Kromax Intelligent Book KR-701;7
LBook;LBook eReader v60;None
LBook;LBook eReader V3+;None
LBook;LBook eReader V5;None
LBook;LBook eReader V3;None
LBook;LBook eReader V8;None
Lexand;Lexand LT-127;7
Lexand;Lexand LT-227;7
Lexand;Lexand LE-106;None
Lexand;Lexand LE-116;6
Lexand;Lexand LT-105;None
Lexand;Lexand LT-114;4.3
Lexand;Lexand LT-115;5
Lexand;Lexand LT-117;7
livtec;livtec LT book;7
livtec;livtec LT book Sensor;7
Mr.Book;Mr.Book Frank 8;8
Mr.Book;Mr.Book Active;7
Mr.Book;Mr.Book Frank;8
Mr.Book;Mr.Book Clever;None
Mr.Book;Mr.Book Grand;None
Nexx;Nexx NIR-601;None
Nexx;Nexx NIR-602DL;None
Nexx;Nexx NRM-51 LED;None
Nexx;Nexx NRM-71 LED;None
Onext;ONEXT Touch&Read 001;6
Onext;ONEXT Touch&Read 002;9
ORSiO;ORSiO story book;6
ORSiO;ORSiO tale;5
ORSiO;ORSiO b753;5
ORSiO;ORSiO b731;6
ORSiO;ORSiO b751;5
Oysters;Oysters Readme 100;7
Oysters;Oysters Readme 400 S;7
Oysters;Oysters Readme 700 C;7
Oysters;Oysters Readme SB;7
Oysters;Oysters Readme 200;7
Oysters;Oysters Readme 400;7
Oysters;Oysters Readme 50;5
Oysters;Oysters Readme 700A;7
Ozon;Ozon Galaxy;6
PAGEone;PAGEone NPR-0630L;None
Perfeo;Perfeo PBB-608W;None
Perfeo;Perfeo PBC-705;None
Perfeo;Perfeo PBB-605W;None
Perfeo;Perfeo PBB-608;None
Plastic Logic;Plastic Logic 100;10.7
Prestigio;Prestigio MultiReader Lumen 3764;6
Prestigio;Prestigio MultiReader 3574;7
Prestigio;Prestigio MultiReader 3664;6
Prestigio;Prestigio MultiReader 5274;7
Prestigio;Prestigio MultiReader 5364;6
Prestigio;Prestigio MultiReader 5474;7
Prestigio;Prestigio MultiReader 5574;7
Prestigio;Prestigio MultiReader Supreme 5664;6
Prestigio;Prestigio MultiReader 3274;7
Prestigio;Prestigio PER3374;7
Prestigio;Prestigio PER3378;7
Prestigio;Prestigio PER3464;6
Prestigio;Prestigio PER3884;8
Prestigio;Prestigio PER3152;5
Prestigio;Prestigio PER3162BN;6
Prestigio;Prestigio PER3172;7
Prestigio;Prestigio PER3362;6
Prestigio;Prestigio PER3562;6
Prestigio;Prestigio PER5162;6
Prestigio;Prestigio PER3052;None
Prestigio;Prestigio PER3072;7
Prestigio;Prestigio PER3162B;6
Prestigio;Prestigio PER5062;6
Prology;Prology Latitude T-705T;7
Prology;Prology Latitude I-604;6
Prology;Prology Latitude T-700;7
Prology;Prology Latitude T-707T;7
Prology;Prology Latitude T-708;7
Prology;Prology Latitude T-709;7
Prology;Prology Latitude T-710T;7
Prology;Prology Latitude T-720T;7
Prology;Prology Latitude T-802T;8
Prology;Prology Latitude T-804T;8
Prology;Prology Latitude U-7000;7
Prology;Prology Latitude I-501;5
Prology;Prology Latitude I-600;6
Prology;Prology Latitude I-601;6
Prology;Prology Latitude I-602;6
Prology;Prology Latitude I-603T;6
Prology;Prology Latitude I-700;7
Prology;Prology Latitude I-701;7
Prology;Prology Latitude T-701;7
Prology;Prology Latitude T-702T;7
Prology;Prology Latitude T-703;7
Prology;Prology Latitude T-704;7
Prology;Prology Latitude T-801T;8
Qumo;Qumo Libro Lux II;6
Qumo;Qumo Libro Basic;6
Qumo;Qumo Libro Lux;6
Qumo;Qumo Libro TouchLux;6
Qumo;Qumo Libro Classic;6
Qumo;Qumo Fresh!;None
Qumo;Qumo Libro II;6
Qumo;Qumo Libro II HD;6
Qumo;Qumo Relax;7
Qumo;Qumo Colibri;None
Qumo;Qumo Libro;None
Rolsen;Rolsen REB-501;5
Rolsen;Rolsen REB-601;6
Rolsen;Rolsen REB-602;6
Ross&Moor;Ross&Moor Luna RMT-711;7
Ross&Moor;Ross&Moor Luna RME-601;6
Ross&Moor;Ross&Moor Luna RMT-501;5
Ross&Moor;Ross&Moor Luna RMT-701;7
Ross&Moor;Ross&Moor Luna RMT-705A;7
Rover;RoverBook Alpha;6
Rover;RoverBook Delta;6
Rover;RoverBook Omega;6
Smarterra;Smarterra Chapter 1;6
Starway;Starway Libra 705;7
Starway;Starway Libra 730;7
Starway;Starway Libra 700;7
Starway;Starway Libra 710;7
Starway;Starway Rider B630;6
Tesla;Tesla Logos;7.8
Tesla;Tesla Viva;6
Tesla;Tesla Crypto TFL6.0;6
Tesla;Tesla Nautilus Light;6
Tesla;Tesla Nautilus One;6
Tesla;Tesla Nautilus Sense;6
Tesla;Tesla Script;6
Tesla;Tesla Symbol;6
Tesla;Tesla Litera FL6.0;None
teXet;teXet TB-156;6
teXet;teXet TB-578;8
teXet;teXet TB-137SE;6
teXet;teXet TB-176FL;6
teXet;teXet TB-418FL;8
teXet;teXet TB-546;None
teXet;teXet TB-550;6
teXet;teXet TB-566;6
teXet;teXet TB-116FL;6
teXet;teXet TB-126SE;6
teXet;teXet TB-136SE;6
teXet;teXet TB-138;8
teXet;teXet TB-146SE;6
teXet;teXet TB-166;6
teXet;teXet TB-416;6
teXet;teXet TB-416FL;6
teXet;teXet TB-446;4.3
teXet;teXet TB-446SE;4.3
teXet;teXet TB-504;4.3
teXet;teXet TB-506;6
teXet;teXet TB-526FL;6
teXet;teXet TB-536FL;6
teXet;teXet TB-722HD;7
teXet;teXet TB-883A;8
teXet;teXet T-970HD;4.3
teXet;teXet T-979HD;4.3
teXet;teXet TB-116SE;6
teXet;teXet TB-126;6
teXet;teXet TB-136;6
teXet;teXet TB-146;6
teXet;teXet TB-406;8
teXet;teXet TB-436;4.3
teXet;teXet TB-707A;7
teXet;teXet TB-709A;7
teXet;teXet TB-711A;7
teXet;teXet TB-719A;7
teXet;teXet TB-721HD;7
teXet;teXet TB-727A;7
teXet;teXet TB-760HD;7
teXet;teXet TB-770HD;7
teXet;teXet TB-771A;7
teXet;teXet TB-780HD;7
teXet;teXet TB-790HD;7
teXet;teXet TB-807A;8
teXet;teXet TB-823A;None
teXet;teXet TB-860HD;8
teXet;teXet TB-880HD;8
teXet;teXet TB-890HD;8
teXet;teXet TB-116;6
teXet;teXet TB-206;6
teXet;teXet TB-216;6
teXet;teXet TB-430HD;4.3
teXet;teXet TB-431HD;4.3
teXet;teXet TB-434HD;4.3
teXet;teXet TB-470HD;4.7
teXet;teXet TB-700HD;7
teXet;teXet TB-705A;7
teXet;teXet TB-710HD;7
teXet;teXet TB-715A;7
teXet;teXet TB-720HD;7
teXet;teXet TB-730HD;7
teXet;teXet TB-740HD;7
teXet;teXet TB-750HD;7
teXet;teXet TB-805A;8.4
teXet;teXet TB-840HD;8
teXet;teXet TB-106;6
teXet;teXet TB-306;6
teXet;teXet TB-500HD;5
Treelogic;Treelogic Arcus 706 Touch;7
Treelogic;Treelogic Arcus 707WL Touch;7
Treelogic;Treelogic Arcus 501;5
Treelogic;Treelogic Arcus 701;7
Treelogic;Treelogic Arcus 702;7
Treelogic;Treelogic Arcus 703 Touch;7
Treelogic;Treelogic Arcus 704 Touch;7
Treelogic;Treelogic Arcus 705 Touch;7
Treelogic;Treelogic Lecto;6
Treelogic;Treelogic Lecto 501;5
Treelogic;Treelogic Lecto 601;6
Treelogic;Treelogic E-BOOK Q6;6
ViewSonic;ViewSonic VEB620;None
ViewSonic;ViewSonic VEB625;None
ViewSonic;ViewSonic VEB612;None
Wexler;Wexler.Book E6007;6
Wexler;Wexler.Book E6003;6
Wexler;Wexler.Book E6005;6
Wexler;Wexler.Book T7004;None
Wexler;Wexler.Book T7007;7
Wexler;Wexler.Book T7008;7
Wexler;Wexler.Book T7011;7
Wexler;Wexler.Book T7033;7
Wexler;Wexler.Book T7044;7
Wexler;Wexler.Book T7055;7
Wexler;Wexler.Book T7204;7
Wexler;Wexler.Book T7205;7
Wexler;Wexler.Book T7206;7
Wexler;Wexler.Book E6002;6
Wexler;Wexler.Book E7001;7.1
Wexler;Wexler.Book T5001;5
Wexler;Wexler.Book T5002;5
Wexler;Wexler.Book T7002;7
Wexler;Wexler.Book T7003;7
Wexler;Wexler.Book T7005;None
Wexler;Wexler.Book T7006;7
Wexler;Wexler.Book T7022;7
Wexler;Wexler.Flex ONE;"6"" Форматы: ОС:Linux Память:ROM 8 ГБ"
Wexler;Wexler.Book E5001;5
Wexler;Wexler.Book E6001;6
Wexler;Wexler.Book T7001;None
xDevice;xDevice xBook Достоевский;7
xDevice;xDevice xBook Леонардо да Винчи;7
xDevice;xDevice xBook Лермонтов;5
xDevice;xDevice xBook Толстой;7
xDevice;xDevice xBook Тургенев;7
xDevice;xDevice xBook Пушкин;7
Азбука;Азбука N618;6
Азбука;Азбука N516;None
Буквоед;Буквоед i-Ведъ;6
ЛитРес;LitRes: touch;6
От А до Я;От А до Я Pocketbook AZ101;None
